-- phpMyAdmin SQL Dump
-- version 5.2.0
-- https://www.phpmyadmin.net/
--
-- Host: 127.0.0.1
-- Waktu pembuatan: 08 Mar 2024 pada 03.10
-- Versi server: 10.4.25-MariaDB
-- Versi PHP: 7.4.33

SET SQL_MODE = "NO_AUTO_VALUE_ON_ZERO";
START TRANSACTION;
SET time_zone = "+00:00";


/*!40101 SET @OLD_CHARACTER_SET_CLIENT=@@CHARACTER_SET_CLIENT */;
/*!40101 SET @OLD_CHARACTER_SET_RESULTS=@@CHARACTER_SET_RESULTS */;
/*!40101 SET @OLD_COLLATION_CONNECTION=@@COLLATION_CONNECTION */;
/*!40101 SET NAMES utf8mb4 */;

--
-- Database: `latihan_ukk`
--

-- --------------------------------------------------------

--
-- Struktur dari tabel `album`
--

CREATE TABLE `album` (
  `AlbumID` int(11) NOT NULL,
  `NamaAlbum` varchar(255) NOT NULL,
  `Deskripsi` text NOT NULL,
  `TanggalDibuat` date NOT NULL,
  `UserID` int(11) NOT NULL
) ENGINE=InnoDB DEFAULT CHARSET=utf8mb4;

-- --------------------------------------------------------

--
-- Struktur dari tabel `foto`
--

CREATE TABLE `foto` (
  `FotoID` int(11) NOT NULL,
  `JudulFoto` varchar(255) NOT NULL,
  `DeskripsiFoto` text NOT NULL,
  `TanggalUnggah` date NOT NULL,
  `NamaFile` varchar(255) NOT NULL,
  `AlbumID` int(11) NOT NULL,
  `UserID` int(11) NOT NULL
) ENGINE=InnoDB DEFAULT CHARSET=utf8mb4;

-- --------------------------------------------------------

--
-- Struktur dari tabel `komentar`
--

CREATE TABLE `komentar` (
  `KomentarID` int(11) NOT NULL,
  `FotoID` int(11) NOT NULL,
  `UserID` int(11) NOT NULL,
  `IsiKomentar` text NOT NULL,
  `TanggalKomentar` date NOT NULL
) ENGINE=InnoDB DEFAULT CHARSET=utf8mb4;

--
-- Dumping data untuk tabel `komentar`
--

INSERT INTO `komentar` (`KomentarID`, `FotoID`, `UserID`, `IsiKomentar`, `TanggalKomentar`) VALUES
(1, 1, 1, 'hahaha', '2024-02-12'),
(2, 1, 2, 'hahaha', '2024-02-12'),
(3, 5, 4, 'a', '2024-02-26'),
(4, 5, 1, 'a', '2024-02-26'),
(5, 5, 1, 'aaa', '2024-02-26'),
(6, 7, 4, 'aa', '2024-03-08'),
(7, 7, 4, 'awdad', '2024-03-08');

-- --------------------------------------------------------

--
-- Struktur dari tabel `likefoto`
--

CREATE TABLE `likefoto` (
  `LikeID` int(11) NOT NULL,
  `FotoID` int(11) NOT NULL,
  `UserID` int(11) NOT NULL,
  `TanggalLike` date NOT NULL
) ENGINE=InnoDB DEFAULT CHARSET=utf8mb4;

--
-- Dumping data untuk tabel `likefoto`
--

INSERT INTO `likefoto` (`LikeID`, `FotoID`, `UserID`, `TanggalLike`) VALUES
(3, 1, 1, '2024-02-12'),
(4, 1, 2, '2024-02-12'),
(5, 5, 1, '2024-02-19'),
(6, 5, 4, '2024-02-26'),
(7, 7, 4, '2024-03-08');

-- --------------------------------------------------------

--
-- Struktur dari tabel `user`
--

CREATE TABLE `user` (
  `UserID` int(11) NOT NULL,
  `Username` varchar(255) NOT NULL,
  `Password` varchar(255) NOT NULL,
  `Email` varchar(255) NOT NULL,
  `NamaLengkap` varchar(255) NOT NULL,
  `Alamat` text NOT NULL
) ENGINE=InnoDB DEFAULT CHARSET=utf8mb4;

--
-- Dumping data untuk tabel `user`
--

INSERT INTO `user` (`UserID`, `Username`, `Password`, `Email`, `NamaLengkap`, `Alamat`) VALUES
(1, 'admin', '21232f297a57a5a743894a0e4a801fc3', 'admin@gmail.com', 'admin', 'admin'),
(3, 'nana', '518d5f3401534f5c6c21977f12f60989', 'onyourdinna@gmail.com', 'Dinna Amalia Fitri', 'Los Angles'),
(4, 'ludy', 'c7e724e289e1b30e31438052fc74d490', 'whoosludy@gmail.com', 'M.Qaludy Setia Hartaman', 'Newyork City'),
(5, 'guest', '084e0343a0486ff05530df6c705c8bb4', 'guest@gmail.com', 'guest', 'guest'),
(6, 'a', '0cc175b9c0f1b6a831c399e269772661', 'a@gmail.com', 'a', 'a');

--
-- Indexes for dumped tables
--

--
-- Indeks untuk tabel `album`
--
ALTER TABLE `album`
  ADD PRIMARY KEY (`AlbumID`);

--
-- Indeks untuk tabel `foto`
--
ALTER TABLE `foto`
  ADD PRIMARY KEY (`FotoID`);

--
-- Indeks untuk tabel `komentar`
--
ALTER TABLE `komentar`
  ADD PRIMARY KEY (`KomentarID`);

--
-- Indeks untuk tabel `likefoto`
--
ALTER TABLE `likefoto`
  ADD PRIMARY KEY (`LikeID`);

--
-- Indeks untuk tabel `user`
--
ALTER TABLE `user`
  ADD PRIMARY KEY (`UserID`);

--
-- AUTO_INCREMENT untuk tabel yang dibuang
--

--
-- AUTO_INCREMENT untuk tabel `album`
--
ALTER TABLE `album`
  MODIFY `AlbumID` int(11) NOT NULL AUTO_INCREMENT, AUTO_INCREMENT=7;

--
-- AUTO_INCREMENT untuk tabel `foto`
--
ALTER TABLE `foto`
  MODIFY `FotoID` int(11) NOT NULL AUTO_INCREMENT, AUTO_INCREMENT=8;

--
-- AUTO_INCREMENT untuk tabel `komentar`
--
ALTER TABLE `komentar`
  MODIFY `KomentarID` int(11) NOT NULL AUTO_INCREMENT, AUTO_INCREMENT=8;

--
-- AUTO_INCREMENT untuk tabel `likefoto`
--
ALTER TABLE `likefoto`
  MODIFY `LikeID` int(11) NOT NULL AUTO_INCREMENT, AUTO_INCREMENT=8;

--
-- AUTO_INCREMENT untuk tabel `user`
--
ALTER TABLE `user`
  MODIFY `UserID` int(11) NOT NULL AUTO_INCREMENT, AUTO_INCREMENT=7;
COMMIT;

/*!40101 SET CHARACTER_SET_CLIENT=@OLD_CHARACTER_SET_CLIENT */;
/*!40101 SET CHARACTER_SET_RESULTS=@OLD_CHARACTER_SET_RESULTS */;
/*!40101 SET COLLATION_CONNECTION=@OLD_COLLATION_CONNECTION */;
